ward_id,date,hand_hygiene_score,ppe_score,waste_segregation_score,environmental_score,recent_lab_count,anomaly_count,max_virulence,days_since_last_audit,outbreak_label
male_ward,2026-06-18,33,92,32,92,11,2,0.88,7,1
female_ward,2026-06-12,93,54,92,40,8,5,0.82,14,1
psychiatrist_clinic,2026-06-07,94,88,54,56,5,0,0.66,11,0
family_medical_clinic,2026-06-25,57,81,48,39,16,5,0.17,25,1
opd,2026-06-27,90,45,87,90,13,1,0.99,20,0
opd,2026-06-11,89,67,45,94,13,1,0.14,23,0
male_ward,2026-06-18,30,73,32,61,13,0,0.43,30,0
female_ward,2026-06-19,85,99,97,47,0,0,0.25,23,0
family_medical_clinic,2026-06-13,62,33,96,74,7,4,0.88,13,1
female_ward,2026-06-22,85,93,78,54,2,3,0.73,23,0
psychiatrist_clinic,2026-06-21,82,89,70,93,18,1,0.61,14,1
female_ward,2026-06-12,97,84,55,77,11,4,0.18,13,0
female_ward,2026-06-11,85,47,69,48,13,5,0.93,22,1
etu,2026-06-03,82,42,50,66,16,0,0.56,8,1
psychiatrist_clinic,2026-06-21,52,57,48,57,8,5,0.81,16,0
opd,2026-06-07,76,84,92,64,2,5,0.71,20,0
psychiatrist_clinic,2026-06-28,79,63,54,69,8,1,0.89,24,0
psychiatrist_clinic,2026-06-10,39,57,48,71,2,5,0.11,5,0
female_ward,2026-06-05,73,77,32,80,17,2,0.2,3,1
etu,2026-06-24,89,70,63,84,14,0,0.2,29,0
opd,2026-06-16,95,81,56,32,16,2,0.6,25,1
etu,2026-06-01,85,40,56,58,5,5,0.47,3,0
opd,2026-06-01,46,47,77,84,17,3,0.64,18,1
male_ward,2026-06-12,83,57,32,71,3,2,0.76,17,0
male_ward,2026-06-01,62,91,89,91,15,1,0.91,23,0
male_ward,2026-06-01,63,43,71,51,6,4,0.3,25,0
male_ward,2026-06-23,82,40,64,47,18,3,0.87,12,1
etu,2026-06-21,44,74,47,93,14,4,0.71,23,1
male_ward,2026-06-14,100,86,84,39,10,1,0.11,14,0
opd,2026-06-04,68,93,34,65,11,1,0.59,6,0
family_medical_clinic,2026-06-21,59,83,87,30,20,3,0.48,13,1
etu,2026-06-27,31,64,65,57,19,3,0.99,25,0
psychiatrist_clinic,2026-06-17,62,35,65,65,19,5,0.75,9,1
psychiatrist_clinic,2026-06-17,92,77,73,59,0,4,0.23,19,0
opd,2026-06-27,51,47,73,95,8,0,0.38,19,0
psychiatrist_clinic,2026-06-26,92,94,34,49,9,5,0.49,22,0
opd,2026-06-22,66,78,76,97,4,2,0.71,13,0
family_medical_clinic,2026-06-05,50,99,53,51,6,1,0.5,26,0
male_ward,2026-06-10,85,68,76,87,6,5,0.63,12,0
etu,2026-06-28,77,80,70,50,0,5,0.9,15,0
opd,2026-06-10,88,46,52,48,2,2,0.37,20,0
etu,2026-06-07,30,88,53,75,1,2,0.99,4,0
female_ward,2026-06-16,58,48,79,59,19,1,0.28,4,1
male_ward,2026-06-18,63,74,32,50,15,3,0.15,17,0
etu,2026-06-27,62,35,33,75,13,5,0.37,8,1
family_medical_clinic,2026-06-12,97,52,73,78,6,2,0.26,16,0
male_ward,2026-06-28,75,54,77,65,12,4,0.28,7,0
psychiatrist_clinic,2026-06-20,32,35,33,55,4,2,0.42,27,0
opd,2026-06-12,99,100,85,77,7,1,0.14,10,0
female_ward,2026-06-07,52,32,97,33,7,0,0.88,14,0
male_ward,2026-06-19,46,98,87,38,15,0,0.62,18,0
male_ward,2026-06-03,71,42,69,55,2,5,0.55,23,0
opd,2026-06-12,42,69,44,67,9,2,0.23,25,0
family_medical_clinic,2026-06-21,46,34,95,44,3,4,0.25,29,0
female_ward,2026-06-07,67,36,65,31,10,1,0.18,26,0
female_ward,2026-06-19,79,39,63,60,6,1,0.43,17,0
psychiatrist_clinic,2026-06-26,72,67,44,66,2,3,0.62,28,1
female_ward,2026-06-15,64,53,100,35,1,1,0.72,9,0
etu,2026-06-03,73,96,44,61,14,4,0.64,16,0
male_ward,2026-06-26,40,40,96,100,14,0,0.71,29,1
psychiatrist_clinic,2026-06-07,90,70,64,46,0,1,0.15,27,0
etu,2026-06-10,94,40,37,41,0,2,0.41,15,0
family_medical_clinic,2026-06-05,91,95,67,67,15,5,0.34,17,0
psychiatrist_clinic,2026-06-17,68,84,94,56,17,1,0.77,21,1
male_ward,2026-06-09,89,94,70,32,19,3,0.44,1,1
male_ward,2026-06-22,37,95,66,97,17,2,0.22,6,1
etu,2026-06-15,63,69,47,47,16,5,0.69,4,1
family_medical_clinic,2026-06-27,77,51,97,79,17,0,0.34,8,1
etu,2026-06-14,88,44,86,42,3,3,0.46,25,0
psychiatrist_clinic,2026-06-10,68,96,78,76,17,1,0.14,26,1
family_medical_clinic,2026-06-03,60,39,43,93,0,4,0.76,29,0
opd,2026-06-27,81,62,80,91,7,2,0.51,3,0
male_ward,2026-06-07,30,36,91,61,1,3,0.85,22,0
family_medical_clinic,2026-06-22,41,85,54,91,11,3,0.1,7,0
male_ward,2026-06-11,58,33,45,47,1,5,0.71,3,1
male_ward,2026-06-02,89,43,61,82,0,3,0.15,28,0
family_medical_clinic,2026-06-12,56,53,64,61,17,5,0.78,1,1
opd,2026-06-15,38,42,100,76,1,1,0.17,20,0
female_ward,2026-06-11,57,54,33,44,9,0,0.11,18,0
psychiatrist_clinic,2026-06-21,31,70,38,78,5,1,0.13,3,1
opd,2026-06-07,85,59,52,80,10,1,0.12,25,1
psychiatrist_clinic,2026-06-25,68,47,51,46,8,5,0.16,10,0
etu,2026-06-01,84,59,85,43,13,0,0.3,17,0
male_ward,2026-06-21,44,43,74,94,11,5,0.84,4,1
family_medical_clinic,2026-06-28,67,81,46,64,2,4,0.68,25,0
family_medical_clinic,2026-06-01,42,93,42,57,7,2,0.43,9,0
family_medical_clinic,2026-06-26,97,38,66,71,16,5,0.28,10,1
etu,2026-06-22,70,72,100,58,14,0,0.87,21,1
psychiatrist_clinic,2026-06-24,65,88,87,36,8,5,0.53,13,0
psychiatrist_clinic,2026-06-17,87,67,69,54,13,0,0.14,13,1
opd,2026-06-04,75,42,79,42,20,5,0.21,29,0
opd,2026-06-21,58,45,49,55,18,4,0.11,11,1
opd,2026-06-09,40,34,98,48,13,4,0.81,21,1
opd,2026-06-14,65,36,53,66,19,0,0.15,1,1
etu,2026-06-20,99,78,77,70,17,3,0.87,29,0
male_ward,2026-06-27,81,54,84,89,15,4,0.22,7,0
male_ward,2026-06-27,44,38,40,86,15,0,0.21,1,0
psychiatrist_clinic,2026-06-04,52,65,36,98,16,5,0.25,4,1
etu,2026-06-15,52,41,36,76,17,5,0.28,7,0
psychiatrist_clinic,2026-06-10,68,59,47,80,2,5,0.49,16,0
psychiatrist_clinic,2026-06-21,30,83,42,97,13,0,0.67,1,1
family_medical_clinic,2026-06-09,54,75,66,40,4,5,0.63,4,1
family_medical_clinic,2026-06-09,59,94,49,49,14,3,0.55,12,0
female_ward,2026-06-05,73,80,91,32,0,1,0.67,21,0
female_ward,2026-06-19,100,56,93,74,19,3,0.98,15,1
opd,2026-06-15,31,76,88,88,0,5,0.15,1,0
family_medical_clinic,2026-06-27,84,82,65,40,0,2,0.67,9,0
opd,2026-06-19,33,97,69,32,12,4,0.4,6,0
etu,2026-06-24,40,36,92,97,10,5,0.86,22,1
opd,2026-06-06,46,96,79,48,8,5,0.19,3,0
etu,2026-06-19,82,62,73,32,15,3,0.82,21,1
opd,2026-06-08,78,92,36,56,17,0,0.84,12,1
opd,2026-06-18,70,74,58,67,10,5,0.25,1,0
opd,2026-06-01,81,82,60,87,7,4,0.22,22,0
female_ward,2026-06-22,38,40,89,57,18,0,0.3,3,1
family_medical_clinic,2026-06-10,48,38,84,61,3,0,0.44,15,0
female_ward,2026-06-11,61,90,89,83,6,2,0.94,29,1
opd,2026-06-28,87,76,44,64,15,1,0.41,12,0
family_medical_clinic,2026-06-08,73,78,59,97,0,5,0.61,9,0
opd,2026-06-06,46,31,56,86,4,1,0.51,8,1
family_medical_clinic,2026-06-11,95,59,38,57,20,4,0.2,28,1
opd,2026-06-16,42,53,63,63,17,2,0.36,27,1
etu,2026-06-24,34,37,47,38,12,0,0.97,24,1
male_ward,2026-06-21,77,64,77,59,8,3,0.86,14,0
opd,2026-06-25,63,32,39,65,9,3,0.4,23,0
psychiatrist_clinic,2026-06-27,88,39,77,41,12,2,0.92,9,1
etu,2026-06-21,49,78,94,80,16,3,0.68,2,1
family_medical_clinic,2026-06-04,54,72,64,48,12,3,0.83,3,1
male_ward,2026-06-25,30,76,57,40,14,0,0.31,30,0
etu,2026-06-28,33,75,40,33,2,5,0.79,19,1
family_medical_clinic,2026-06-03,48,62,100,99,1,1,0.66,9,0
etu,2026-06-08,86,95,94,88,13,4,0.4,13,0
female_ward,2026-06-17,70,38,35,64,2,1,0.68,9,0
male_ward,2026-06-14,43,89,100,92,18,4,0.28,18,1
female_ward,2026-06-23,59,95,78,56,3,0,0.77,23,0
psychiatrist_clinic,2026-06-04,82,62,31,46,10,2,0.81,20,1
psychiatrist_clinic,2026-06-10,89,82,71,80,9,3,0.4,4,0
female_ward,2026-06-04,95,59,95,98,14,4,0.75,24,0
opd,2026-06-04,78,83,45,65,3,4,0.84,5,0
opd,2026-06-24,40,66,40,90,5,2,0.88,13,0
male_ward,2026-06-24,100,71,75,64,19,4,0.76,8,1
opd,2026-06-12,60,30,84,64,7,5,0.25,26,0
etu,2026-06-14,54,69,85,65,14,3,0.17,15,0
etu,2026-06-14,44,64,36,78,13,1,0.61,6,1
male_ward,2026-06-19,57,86,97,98,19,3,0.35,22,1
male_ward,2026-06-22,81,62,82,65,0,4,0.62,16,0
opd,2026-06-03,82,90,80,70,2,1,0.77,14,0
family_medical_clinic,2026-06-10,48,52,55,52,4,3,0.47,28,0
family_medical_clinic,2026-06-23,89,39,61,40,19,1,0.28,21,1
psychiatrist_clinic,2026-06-19,95,98,71,50,9,2,0.69,29,0
etu,2026-06-08,49,40,86,95,14,5,0.67,28,1
female_ward,2026-06-18,35,37,33,75,3,3,0.86,1,0
male_ward,2026-06-05,44,51,63,51,4,4,0.57,3,0
opd,2026-06-12,65,64,76,63,9,2,0.29,30,0
female_ward,2026-06-27,32,45,95,44,7,4,0.8,19,1
male_ward,2026-06-09,77,30,36,96,0,3,0.15,12,0
opd,2026-06-10,69,52,72,92,9,5,0.46,10,0
family_medical_clinic,2026-06-25,96,98,79,76,17,3,0.28,21,1
opd,2026-06-02,31,91,50,30,10,2,0.27,5,0
opd,2026-06-09,91,63,64,89,19,0,0.1,30,1
male_ward,2026-06-09,78,37,73,30,5,5,0.61,27,1
female_ward,2026-06-17,50,54,40,86,18,4,0.2,19,1
opd,2026-06-12,77,87,57,40,17,1,0.66,16,1
psychiatrist_clinic,2026-06-19,57,99,85,90,9,3,0.73,30,0
psychiatrist_clinic,2026-06-27,74,79,40,42,7,4,0.81,21,1
male_ward,2026-06-24,31,33,77,34,4,4,0.56,28,0
opd,2026-06-17,96,92,94,34,6,0,0.52,1,0
psychiatrist_clinic,2026-06-06,88,67,91,60,18,1,0.83,4,1
opd,2026-06-01,47,35,43,88,20,3,0.51,16,1
opd,2026-06-27,95,37,40,64,12,2,0.43,7,0
opd,2026-06-20,89,67,65,45,11,5,0.58,30,0
etu,2026-06-09,86,60,35,75,6,2,0.74,5,0
opd,2026-06-06,68,82,95,72,13,5,0.77,30,0
female_ward,2026-06-03,83,51,52,33,6,1,0.9,17,0
psychiatrist_clinic,2026-06-01,91,47,55,72,10,1,0.76,24,0
opd,2026-06-28,61,76,61,67,9,0,0.43,18,1
opd,2026-06-04,71,89,65,84,3,4,0.15,19,0
male_ward,2026-06-19,56,60,46,67,7,0,0.86,15,0
etu,2026-06-26,31,86,93,33,14,3,0.98,21,1
male_ward,2026-06-04,78,93,52,31,3,0,0.3,16,0
male_ward,2026-06-25,83,80,52,79,19,1,0.84,25,1
female_ward,2026-06-23,81,48,70,100,6,1,0.47,30,1
etu,2026-06-07,64,57,34,77,10,5,0.74,1,0
female_ward,2026-06-13,69,67,71,39,11,4,0.72,11,1
female_ward,2026-06-10,92,71,98,39,16,4,0.49,24,1
female_ward,2026-06-05,71,71,55,83,11,2,0.55,13,0
female_ward,2026-06-25,82,70,46,31,4,3,0.68,11,1
family_medical_clinic,2026-06-15,93,35,53,33,7,3,0.33,8,0
female_ward,2026-06-07,77,71,47,85,19,3,0.36,29,1
psychiatrist_clinic,2026-06-23,47,64,84,75,1,3,0.49,9,0
male_ward,2026-06-21,87,65,73,89,18,0,0.53,28,1
etu,2026-06-28,69,32,61,97,11,0,0.25,8,0
etu,2026-06-12,59,90,77,45,9,3,0.66,25,1
male_ward,2026-06-01,60,64,85,35,3,2,0.3,1,0
family_medical_clinic,2026-06-11,85,86,82,86,17,0,0.67,15,1
psychiatrist_clinic,2026-06-19,100,68,74,77,10,3,0.37,27,0
female_ward,2026-06-19,62,94,86,60,14,1,0.93,5,0
etu,2026-06-22,52,60,30,62,2,2,0.78,17,0
female_ward,2026-06-21,58,35,50,61,10,5,0.13,10,0
female_ward,2026-06-08,53,76,89,66,12,1,0.7,4,0
psychiatrist_clinic,2026-06-25,88,53,32,65,19,0,0.7,25,1
psychiatrist_clinic,2026-06-01,83,63,84,95,4,3,0.84,22,0
family_medical_clinic,2026-06-05,61,47,53,48,10,2,0.94,29,1
male_ward,2026-06-25,31,77,74,55,15,4,0.9,23,1
male_ward,2026-06-02,61,41,47,45,0,1,0.68,30,0
family_medical_clinic,2026-06-12,70,89,48,100,20,3,0.35,24,1
family_medical_clinic,2026-06-05,85,45,57,99,11,0,0.14,10,0
family_medical_clinic,2026-06-07,36,92,55,37,12,2,0.14,23,0
family_medical_clinic,2026-06-14,68,98,39,93,20,3,0.8,15,0
family_medical_clinic,2026-06-25,84,99,38,84,7,2,0.94,22,0
opd,2026-06-20,97,33,78,41,8,0,0.52,14,0
psychiatrist_clinic,2026-06-26,56,88,100,36,3,0,0.3,13,0
etu,2026-06-20,73,41,86,100,12,3,0.57,14,0
family_medical_clinic,2026-06-28,93,61,77,95,11,2,0.41,26,0
female_ward,2026-06-22,92,51,30,53,11,4,0.74,5,0
female_ward,2026-06-06,44,94,100,47,18,2,0.74,18,1
family_medical_clinic,2026-06-20,75,89,76,80,5,2,0.18,23,0
psychiatrist_clinic,2026-06-13,73,67,52,33,15,1,0.5,7,0
etu,2026-06-09,46,79,69,74,10,1,0.73,30,1
family_medical_clinic,2026-06-26,98,80,72,82,19,2,0.8,6,1
male_ward,2026-06-21,89,33,62,83,19,3,0.98,25,1
male_ward,2026-06-01,57,95,81,90,20,5,0.89,4,1
etu,2026-06-20,50,59,55,62,2,3,0.19,3,0
male_ward,2026-06-21,83,34,93,40,6,3,0.29,20,0
male_ward,2026-06-17,71,46,63,69,16,5,0.31,12,1
psychiatrist_clinic,2026-06-24,93,60,73,75,5,0,0.95,14,0
family_medical_clinic,2026-06-21,94,41,86,41,14,5,0.86,8,1
psychiatrist_clinic,2026-06-21,74,43,44,82,12,4,0.9,29,0
psychiatrist_clinic,2026-06-01,44,87,70,97,7,5,0.48,10,0
female_ward,2026-06-18,73,80,57,42,10,4,0.22,10,0
etu,2026-06-01,77,86,58,54,10,0,0.17,10,0
male_ward,2026-06-25,97,92,100,52,13,5,0.23,12,0
male_ward,2026-06-19,82,52,94,72,14,2,0.15,13,0
etu,2026-06-07,58,94,56,46,16,5,0.52,18,1
female_ward,2026-06-12,79,84,59,38,13,2,0.15,30,0
etu,2026-06-13,61,99,52,82,11,1,0.76,10,0
male_ward,2026-06-13,62,87,49,80,16,4,0.22,22,1
psychiatrist_clinic,2026-06-04,71,81,45,47,17,5,0.66,20,1
family_medical_clinic,2026-06-08,92,64,40,75,14,0,0.7,21,0
female_ward,2026-06-22,51,55,43,49,10,2,0.51,28,0
opd,2026-06-09,82,38,42,73,15,4,0.49,20,0
family_medical_clinic,2026-06-11,51,91,93,83,0,3,0.54,24,0
psychiatrist_clinic,2026-06-03,83,80,73,44,12,0,0.84,27,1
female_ward,2026-06-01,77,92,40,94,4,5,0.6,3,1
female_ward,2026-06-28,43,53,90,98,3,1,0.42,5,0
etu,2026-06-16,94,59,71,91,3,3,0.85,20,0
family_medical_clinic,2026-06-25,32,54,87,47,7,0,0.31,8,0
male_ward,2026-06-06,33,48,63,88,12,4,0.49,10,0
family_medical_clinic,2026-06-06,96,85,95,80,3,4,0.67,29,0
family_medical_clinic,2026-06-04,96,80,99,51,20,1,0.56,21,1
psychiatrist_clinic,2026-06-04,38,86,38,47,11,1,0.6,16,0
psychiatrist_clinic,2026-06-12,38,93,53,42,7,4,0.39,4,0
family_medical_clinic,2026-06-26,79,55,30,45,0,3,0.79,16,1
psychiatrist_clinic,2026-06-28,96,86,59,69,4,2,0.21,8,0
male_ward,2026-06-27,90,98,48,82,12,2,0.83,30,1
family_medical_clinic,2026-06-06,93,86,35,31,18,3,0.9,7,1
family_medical_clinic,2026-06-03,74,67,60,40,1,0,0.49,3,0
family_medical_clinic,2026-06-22,45,83,67,90,0,1,0.17,1,0
psychiatrist_clinic,2026-06-11,97,69,48,42,6,0,0.33,10,0
etu,2026-06-01,31,40,61,55,10,2,0.5,20,0
male_ward,2026-06-23,35,43,93,39,2,2,0.49,17,0
etu,2026-06-22,52,94,79,79,19,3,0.65,27,1
family_medical_clinic,2026-06-13,97,37,53,98,13,3,0.39,6,0
male_ward,2026-06-25,63,42,82,88,9,2,0.92,10,1
male_ward,2026-06-12,91,71,33,74,3,5,0.23,5,0
male_ward,2026-06-16,92,73,67,70,8,0,0.76,15,0
etu,2026-06-26,42,59,62,58,14,2,0.56,9,0
opd,2026-06-09,37,49,55,82,8,3,0.38,16,0
opd,2026-06-13,89,90,73,55,13,5,0.77,29,0
psychiatrist_clinic,2026-06-06,33,47,36,89,14,5,0.42,18,0
psychiatrist_clinic,2026-06-13,99,39,58,63,12,3,0.52,25,0
female_ward,2026-06-25,86,81,74,43,0,0,0.38,27,0
female_ward,2026-06-01,65,46,68,99,6,2,0.64,19,0
family_medical_clinic,2026-06-09,61,85,94,51,4,1,0.95,23,0
etu,2026-06-14,82,73,65,64,4,5,0.13,21,0
psychiatrist_clinic,2026-06-02,40,44,87,45,17,4,0.16,1,1
opd,2026-06-04,100,60,49,62,9,3,0.32,8,0
opd,2026-06-27,78,47,74,79,1,1,0.97,27,0
psychiatrist_clinic,2026-06-18,71,58,34,78,0,5,0.82,2,0
family_medical_clinic,2026-06-28,97,77,68,36,18,5,0.99,5,1
family_medical_clinic,2026-06-21,44,36,78,63,8,1,0.9,25,0
male_ward,2026-06-02,86,79,32,69,20,1,0.52,22,1
male_ward,2026-06-04,73,52,83,68,16,5,0.34,19,1
opd,2026-06-02,68,70,71,89,0,0,0.3,5,1
female_ward,2026-06-23,64,80,100,34,6,4,0.92,21,1
psychiatrist_clinic,2026-06-03,72,52,73,69,17,3,0.55,23,1
opd,2026-06-01,44,66,72,58,14,5,0.12,26,0
opd,2026-06-25,30,39,70,81,4,1,0.83,13,0
female_ward,2026-06-26,34,43,93,88,18,3,0.66,21,1
psychiatrist_clinic,2026-06-18,92,95,57,80,5,4,0.78,28,0
family_medical_clinic,2026-06-26,59,65,47,44,17,5,0.65,27,1
family_medical_clinic,2026-06-27,91,56,97,82,4,1,0.95,15,0
male_ward,2026-06-02,75,67,98,86,8,3,0.92,13,0
psychiatrist_clinic,2026-06-02,100,34,45,34,13,0,0.38,13,1
female_ward,2026-06-27,90,44,75,53,0,1,0.55,2,0
male_ward,2026-06-06,64,41,52,33,19,0,0.38,21,1
family_medical_clinic,2026-06-02,35,53,89,49,5,1,0.97,4,0
etu,2026-06-07,59,72,37,69,2,3,0.5,17,0
etu,2026-06-10,62,34,57,83,0,5,0.7,23,0
opd,2026-06-01,74,90,65,37,3,0,0.73,11,0
family_medical_clinic,2026-06-08,64,91,59,30,17,4,0.49,24,1
psychiatrist_clinic,2026-06-25,69,67,55,32,17,0,0.91,15,1
etu,2026-06-14,87,56,52,85,12,5,0.39,12,0
family_medical_clinic,2026-06-07,32,79,33,99,18,2,0.94,4,1
etu,2026-06-28,65,61,93,38,9,1,0.43,28,1
male_ward,2026-06-24,94,97,74,34,15,2,0.79,4,1
psychiatrist_clinic,2026-06-05,61,48,42,53,4,4,0.27,13,0
opd,2026-06-17,53,54,55,85,17,0,0.69,13,1
psychiatrist_clinic,2026-06-05,95,57,70,65,1,3,0.29,13,0
opd,2026-06-01,95,57,32,89,9,2,0.51,26,0
female_ward,2026-06-19,78,72,31,58,15,5,0.2,19,0
male_ward,2026-06-03,58,99,78,33,4,0,0.38,3,0
female_ward,2026-06-05,52,48,100,57,5,5,0.33,21,1
male_ward,2026-06-03,60,94,30,99,1,2,0.42,16,0
male_ward,2026-06-07,85,73,98,95,2,4,0.13,17,0
etu,2026-06-10,54,94,66,44,0,3,0.49,19,0
female_ward,2026-06-12,96,60,86,53,0,3,0.44,7,0
female_ward,2026-06-14,79,37,41,34,15,4,0.2,26,0
psychiatrist_clinic,2026-06-17,41,67,46,30,9,0,0.58,15,0
psychiatrist_clinic,2026-06-06,89,45,61,55,1,3,0.65,12,0
male_ward,2026-06-11,41,39,45,74,16,2,0.56,2,1
psychiatrist_clinic,2026-06-03,66,33,69,76,10,4,0.67,28,0
opd,2026-06-28,37,88,95,73,6,4,0.58,24,0
psychiatrist_clinic,2026-06-08,66,34,85,91,17,3,0.6,30,1
psychiatrist_clinic,2026-06-04,40,96,35,45,9,1,0.45,25,0
etu,2026-06-14,90,94,70,73,13,0,0.74,23,0
opd,2026-06-28,73,30,44,82,14,2,0.25,1,0
psychiatrist_clinic,2026-06-13,83,31,89,48,17,5,0.75,18,1
etu,2026-06-12,96,80,64,52,14,0,0.69,13,0
etu,2026-06-01,86,51,80,67,7,2,0.39,16,0
female_ward,2026-06-11,72,41,93,100,15,3,0.48,26,0
psychiatrist_clinic,2026-06-08,71,72,58,88,14,0,0.99,2,0
female_ward,2026-06-18,96,66,60,84,6,3,0.98,25,0
psychiatrist_clinic,2026-06-09,86,33,65,36,18,1,0.72,26,1
male_ward,2026-06-05,61,78,83,51,20,5,0.23,10,1
opd,2026-06-15,57,31,82,70,9,2,0.99,19,0
etu,2026-06-28,57,63,54,88,20,1,0.27,26,1
psychiatrist_clinic,2026-06-15,54,60,63,46,9,2,0.43,2,0
male_ward,2026-06-19,38,55,99,37,3,4,0.17,5,0
opd,2026-06-18,80,43,51,52,7,1,0.34,6,0
family_medical_clinic,2026-06-01,61,89,90,37,19,1,0.48,18,1
family_medical_clinic,2026-06-20,68,89,83,39,7,1,0.23,5,0
opd,2026-06-19,41,62,74,70,13,2,0.12,15,0
female_ward,2026-06-20,31,39,55,91,5,0,0.2,10,0
etu,2026-06-13,90,75,67,55,15,3,0.79,12,0
male_ward,2026-06-10,93,100,67,82,4,4,0.7,3,0
male_ward,2026-06-07,84,63,50,84,5,0,0.12,30,0
male_ward,2026-06-06,89,65,63,32,20,4,0.76,18,1
family_medical_clinic,2026-06-07,39,35,50,56,1,5,0.96,8,1
opd,2026-06-07,85,55,71,54,3,1,0.74,6,0
female_ward,2026-06-13,63,63,40,60,6,0,0.8,26,0
male_ward,2026-06-23,50,52,54,89,6,5,0.64,21,0
family_medical_clinic,2026-06-08,99,43,62,76,11,5,0.75,28,0
opd,2026-06-17,98,46,48,85,9,5,0.27,15,0
female_ward,2026-06-28,96,58,95,71,14,4,0.3,4,0
psychiatrist_clinic,2026-06-27,68,89,51,45,11,5,0.99,17,1
etu,2026-06-11,62,41,32,89,1,5,0.11,19,0
etu,2026-06-17,93,43,47,86,11,0,0.13,23,0
opd,2026-06-24,66,50,95,90,3,5,0.29,9,0
psychiatrist_clinic,2026-06-20,55,95,45,70,4,1,0.17,15,0
family_medical_clinic,2026-06-15,78,60,37,82,2,1,0.51,14,0
etu,2026-06-23,50,87,36,89,11,3,0.21,25,0
opd,2026-06-04,45,87,58,34,17,1,0.99,6,1
female_ward,2026-06-03,43,39,75,48,6,0,0.62,28,0
female_ward,2026-06-10,65,91,31,81,5,4,0.7,26,0
psychiatrist_clinic,2026-06-13,45,91,64,68,9,4,0.91,14,1
etu,2026-06-16,38,75,67,48,2,1,0.29,10,0
opd,2026-06-06,58,47,31,49,18,1,0.46,9,1
family_medical_clinic,2026-06-06,97,77,90,36,0,4,0.57,9,0
female_ward,2026-06-11,56,57,33,90,7,5,0.79,18,0
opd,2026-06-22,95,70,42,48,20,4,0.45,24,1
etu,2026-06-24,72,30,41,90,11,3,0.65,18,0
female_ward,2026-06-16,55,65,31,91,5,4,0.66,26,0
female_ward,2026-06-04,63,65,88,40,18,2,0.32,28,1
opd,2026-06-21,74,47,44,33,5,2,0.69,5,0
female_ward,2026-06-23,72,87,60,57,10,5,0.32,21,0
psychiatrist_clinic,2026-06-11,99,44,45,97,6,1,0.59,4,0
female_ward,2026-06-24,37,35,96,94,2,1,0.36,5,1
etu,2026-06-04,48,83,95,85,20,3,0.18,22,1
female_ward,2026-06-23,93,65,30,59,6,1,0.32,27,0
etu,2026-06-12,35,31,74,81,8,1,0.92,3,0
family_medical_clinic,2026-06-09,54,98,50,60,20,2,0.74,12,1
opd,2026-06-23,72,34,55,80,4,5,0.85,10,0
psychiatrist_clinic,2026-06-16,42,37,67,82,17,0,0.14,1,1
family_medical_clinic,2026-06-11,96,56,69,70,18,2,0.37,7,0
opd,2026-06-10,57,85,56,85,19,4,0.18,11,1
etu,2026-06-16,81,58,43,47,8,5,0.79,20,1
male_ward,2026-06-25,86,51,44,55,11,2,0.26,18,0
female_ward,2026-06-11,86,49,58,58,1,0,0.96,29,0
family_medical_clinic,2026-06-02,91,88,99,84,16,2,0.87,11,1
male_ward,2026-06-12,75,36,84,68,18,2,0.84,27,0
family_medical_clinic,2026-06-28,35,45,47,58,11,2,0.76,2,1
psychiatrist_clinic,2026-06-15,30,34,93,33,16,3,0.8,7,1
opd,2026-06-22,47,87,42,99,3,1,0.8,20,0
family_medical_clinic,2026-06-09,75,61,97,81,12,5,0.9,29,0
opd,2026-06-24,70,60,32,75,1,2,0.12,4,0
opd,2026-06-04,51,78,95,33,20,1,0.83,14,1
male_ward,2026-06-24,50,85,35,56,9,2,0.87,4,0
opd,2026-06-06,87,97,52,64,13,3,0.77,22,0
opd,2026-06-20,38,53,81,42,1,3,0.7,21,1
etu,2026-06-05,92,30,62,96,5,2,0.56,1,0
female_ward,2026-06-13,72,78,44,34,6,0,0.64,24,0
family_medical_clinic,2026-06-07,57,45,69,39,19,5,0.78,4,1
family_medical_clinic,2026-06-15,48,86,45,99,4,3,0.83,30,1
male_ward,2026-06-02,42,90,47,52,10,1,0.24,30,0
etu,2026-06-24,49,36,84,89,15,2,0.51,29,0
opd,2026-06-18,66,68,54,65,17,0,0.76,23,1
female_ward,2026-06-22,53,91,80,38,14,2,1.0,15,1
female_ward,2026-06-03,61,67,67,100,18,4,0.56,12,1
family_medical_clinic,2026-06-03,95,92,74,80,7,5,0.71,29,0
family_medical_clinic,2026-06-08,54,75,42,82,12,1,0.66,16,1
opd,2026-06-27,33,55,71,56,14,0,0.61,20,1
etu,2026-06-27,94,33,70,56,18,2,0.36,14,1
psychiatrist_clinic,2026-06-08,96,61,78,85,3,2,0.25,15,0
etu,2026-06-19,85,61,65,56,16,1,0.73,6,1
female_ward,2026-06-19,47,100,53,32,19,0,0.11,19,1
psychiatrist_clinic,2026-06-19,87,59,61,92,9,0,0.24,11,0
family_medical_clinic,2026-06-19,84,48,74,70,4,0,0.93,9,0
etu,2026-06-07,51,91,89,50,16,3,0.98,5,1
family_medical_clinic,2026-06-26,81,83,52,44,11,5,0.4,20,0
male_ward,2026-06-07,91,98,95,46,10,1,0.14,13,0
male_ward,2026-06-25,58,71,49,66,10,3,0.68,9,0
etu,2026-06-16,85,94,71,48,18,4,0.84,8,1
female_ward,2026-06-21,78,42,85,54,11,5,0.27,5,0
female_ward,2026-06-17,99,45,54,90,5,2,0.42,29,0
male_ward,2026-06-12,97,95,85,52,20,3,0.14,23,1
family_medical_clinic,2026-06-02,84,76,92,59,8,4,0.5,8,0
psychiatrist_clinic,2026-06-02,93,48,63,54,15,2,0.79,12,0
etu,2026-06-06,54,99,88,91,1,1,0.87,19,0
family_medical_clinic,2026-06-01,77,34,84,80,18,0,0.3,6,1
etu,2026-06-08,68,98,37,67,20,5,0.11,16,1
female_ward,2026-06-05,50,61,61,65,17,2,0.49,18,1
psychiatrist_clinic,2026-06-09,68,89,60,41,5,1,0.3,17,0
psychiatrist_clinic,2026-06-16,60,36,75,59,8,3,0.17,23,0
family_medical_clinic,2026-06-15,36,59,35,97,16,0,0.82,17,1
psychiatrist_clinic,2026-06-15,83,91,40,60,2,3,0.45,3,0
etu,2026-06-13,62,94,63,50,8,4,0.44,10,0
female_ward,2026-06-25,55,95,65,100,20,5,0.83,16,1
psychiatrist_clinic,2026-06-22,98,74,100,57,20,1,0.21,4,1
psychiatrist_clinic,2026-06-10,59,52,49,33,9,4,0.81,23,1
family_medical_clinic,2026-06-19,55,34,61,53,7,4,0.62,19,0
opd,2026-06-18,70,89,60,46,18,4,0.36,19,0
opd,2026-06-13,93,54,69,34,19,1,0.35,23,1
male_ward,2026-06-16,37,56,79,75,19,0,0.29,27,1
psychiatrist_clinic,2026-06-24,70,64,43,85,15,3,0.54,24,0
opd,2026-06-22,56,39,95,59,15,0,0.81,2,0
family_medical_clinic,2026-06-27,96,90,89,34,16,0,0.69,3,1
female_ward,2026-06-10,56,75,73,84,7,3,0.1,23,0
opd,2026-06-17,79,98,88,100,14,1,0.19,14,0
psychiatrist_clinic,2026-06-11,77,37,68,53,8,1,0.13,20,0
male_ward,2026-06-18,35,46,78,85,18,3,0.81,24,1
psychiatrist_clinic,2026-06-07,31,76,60,64,14,3,0.12,1,0
etu,2026-06-11,46,44,78,57,17,0,0.17,7,1
etu,2026-06-26,84,96,46,92,6,3,0.68,2,0
etu,2026-06-09,94,57,31,68,9,0,0.92,26,0
male_ward,2026-06-24,81,50,94,53,9,2,0.33,24,0
etu,2026-06-10,95,86,35,30,6,0,0.65,16,0
female_ward,2026-06-11,98,41,76,88,17,1,0.33,3,1
etu,2026-06-17,61,37,73,93,3,3,0.12,19,0
etu,2026-06-16,44,42,78,75,15,0,0.5,25,0
family_medical_clinic,2026-06-20,78,39,33,53,16,2,0.5,20,1
male_ward,2026-06-12,31,85,62,38,17,1,0.91,4,1
female_ward,2026-06-23,89,57,51,88,20,2,0.1,25,1
opd,2026-06-21,38,53,95,95,8,1,0.32,16,0
female_ward,2026-06-01,90,97,60,57,4,5,0.57,11,0
etu,2026-06-10,100,40,66,61,10,0,0.22,23,0
psychiatrist_clinic,2026-06-09,76,90,83,43,19,2,1.0,24,1
opd,2026-06-09,42,84,32,51,8,5,0.21,3,0
psychiatrist_clinic,2026-06-02,72,55,65,77,16,0,0.48,17,1
female_ward,2026-06-15,62,67,31,94,4,2,0.91,10,0
etu,2026-06-09,55,39,40,40,14,0,0.37,19,0
etu,2026-06-02,91,37,100,91,2,0,0.22,16,0
opd,2026-06-02,62,89,84,46,2,4,0.97,10,1
male_ward,2026-06-08,73,88,58,40,8,4,0.17,9,0
male_ward,2026-06-25,57,76,37,60,9,3,0.32,3,0
psychiatrist_clinic,2026-06-20,84,77,87,48,1,5,0.61,30,1
female_ward,2026-06-11,91,52,43,54,16,4,0.51,18,1
male_ward,2026-06-03,49,66,82,58,19,1,0.14,6,1
etu,2026-06-05,76,87,52,76,1,2,0.85,8,0
psychiatrist_clinic,2026-06-28,50,95,91,61,7,2,0.84,28,0
opd,2026-06-17,64,45,47,31,7,4,0.23,29,0
psychiatrist_clinic,2026-06-18,76,56,56,46,17,2,0.14,17,0
etu,2026-06-20,64,86,56,93,17,3,0.25,7,1
psychiatrist_clinic,2026-06-24,89,72,44,73,20,0,0.64,19,1
family_medical_clinic,2026-06-25,38,51,49,59,13,0,0.69,3,1
psychiatrist_clinic,2026-06-15,47,82,55,47,0,0,0.59,13,0
family_medical_clinic,2026-06-22,39,42,62,75,12,0,0.85,27,1
etu,2026-06-07,63,68,65,32,16,2,0.61,16,1
male_ward,2026-06-27,76,46,51,62,5,2,0.33,21,0
psychiatrist_clinic,2026-06-17,34,75,95,34,11,3,0.52,12,0
family_medical_clinic,2026-06-12,78,38,93,88,9,5,0.54,16,0
psychiatrist_clinic,2026-06-08,60,87,100,47,7,5,0.51,5,0
female_ward,2026-06-25,80,97,73,31,7,2,0.18,12,0
female_ward,2026-06-09,36,89,32,64,15,1,0.67,27,1
psychiatrist_clinic,2026-06-17,66,87,50,36,2,2,0.4,25,0
family_medical_clinic,2026-06-02,73,68,91,72,18,3,0.98,11,1
opd,2026-06-16,83,90,84,63,1,1,0.17,1,0
female_ward,2026-06-13,39,61,100,48,7,2,0.72,24,0
etu,2026-06-18,58,73,36,93,12,0,0.22,17,0
etu,2026-06-19,45,52,78,75,2,3,0.62,29,1
female_ward,2026-06-13,44,72,62,57,0,0,0.53,7,0
male_ward,2026-06-05,76,64,88,85,16,4,0.73,7,1
male_ward,2026-06-13,31,33,52,37,6,0,0.78,5,0
family_medical_clinic,2026-06-12,99,52,41,65,8,3,0.72,2,0
psychiatrist_clinic,2026-06-20,33,61,69,61,17,2,0.18,30,1
family_medical_clinic,2026-06-22,59,58,69,58,17,1,0.9,17,0
male_ward,2026-06-02,97,39,83,94,20,0,0.12,9,1
psychiatrist_clinic,2026-06-03,65,66,63,81,4,5,0.31,17,0
family_medical_clinic,2026-06-27,68,71,44,45,6,2,0.69,4,0
family_medical_clinic,2026-06-06,67,35,33,63,12,3,0.51,3,0
male_ward,2026-06-05,81,84,86,32,8,0,0.78,4,0
family_medical_clinic,2026-06-27,42,77,30,30,8,4,0.36,26,0
psychiatrist_clinic,2026-06-08,45,78,49,80,4,3,0.62,13,1
male_ward,2026-06-16,87,84,42,86,2,5,0.92,24,0
psychiatrist_clinic,2026-06-27,40,44,49,65,11,0,0.92,11,1
male_ward,2026-06-18,98,81,68,90,10,5,0.35,19,0
psychiatrist_clinic,2026-06-17,66,52,39,56,13,1,0.44,30,0
etu,2026-06-11,71,34,85,54,13,5,0.81,24,0
family_medical_clinic,2026-06-25,40,52,88,69,0,5,0.88,17,1
etu,2026-06-09,42,35,74,31,11,3,0.93,28,1
family_medical_clinic,2026-06-13,34,86,100,56,4,3,0.1,14,0
male_ward,2026-06-23,86,51,55,70,2,5,0.28,9,0
family_medical_clinic,2026-06-12,97,33,38,71,20,2,0.43,29,0
family_medical_clinic,2026-06-12,33,34,70,69,14,1,0.42,16,0
male_ward,2026-06-10,68,91,64,59,11,5,0.55,27,0
psychiatrist_clinic,2026-06-12,55,51,91,39,17,0,0.56,27,1
female_ward,2026-06-13,72,89,31,57,0,1,0.58,16,0
opd,2026-06-23,71,52,76,36,7,2,0.99,29,0
family_medical_clinic,2026-06-06,50,51,44,76,16,4,0.47,19,1
etu,2026-06-25,70,65,78,96,16,2,0.76,10,1
etu,2026-06-05,45,49,81,79,15,2,0.62,19,1
psychiatrist_clinic,2026-06-14,62,41,69,42,0,4,0.21,21,0
family_medical_clinic,2026-06-25,75,37,80,94,10,5,0.61,21,0
etu,2026-06-28,90,93,94,35,2,4,0.49,8,0
etu,2026-06-28,55,54,84,55,7,0,0.66,30,1
etu,2026-06-06,65,64,68,74,2,1,0.38,26,0
psychiatrist_clinic,2026-06-23,86,99,61,77,0,1,0.77,24,0
psychiatrist_clinic,2026-06-01,57,47,57,84,14,2,1.0,6,0
family_medical_clinic,2026-06-01,90,84,60,52,2,5,0.3,22,0
male_ward,2026-06-11,41,56,41,84,7,5,0.46,19,0
family_medical_clinic,2026-06-05,95,68,48,59,5,0,0.19,7,0
etu,2026-06-06,88,31,51,47,9,3,0.58,28,0
family_medical_clinic,2026-06-05,92,97,100,51,0,3,0.51,28,0
psychiatrist_clinic,2026-06-03,67,47,92,71,8,0,0.18,30,0
etu,2026-06-23,92,82,33,100,18,1,1.0,15,1
female_ward,2026-06-08,48,40,69,79,7,1,0.14,30,0
female_ward,2026-06-16,65,41,98,88,16,1,0.77,9,0
opd,2026-06-13,74,64,92,96,7,1,0.58,26,0
female_ward,2026-06-25,94,82,81,58,1,0,0.54,18,0
opd,2026-06-28,80,93,32,99,6,4,1.0,22,0
psychiatrist_clinic,2026-06-10,59,85,75,48,17,0,0.83,21,1
family_medical_clinic,2026-06-23,54,36,86,87,3,0,0.61,3,0
psychiatrist_clinic,2026-06-02,32,65,62,51,0,2,0.41,28,0
psychiatrist_clinic,2026-06-27,78,91,77,92,20,5,0.22,14,1
male_ward,2026-06-22,63,36,49,31,20,5,0.47,28,1
opd,2026-06-21,40,35,84,63,20,2,0.48,18,1
family_medical_clinic,2026-06-06,47,51,49,40,15,3,0.18,4,0
family_medical_clinic,2026-06-12,55,45,74,100,12,1,0.72,22,0
family_medical_clinic,2026-06-06,49,50,70,39,18,3,0.15,9,1
female_ward,2026-06-20,57,85,37,32,8,1,0.23,5,0
psychiatrist_clinic,2026-06-26,45,73,62,67,16,0,0.97,29,1
family_medical_clinic,2026-06-22,78,64,69,90,13,1,1.0,3,0
female_ward,2026-06-06,49,96,60,59,7,0,0.85,5,0
female_ward,2026-06-08,89,71,58,49,1,1,0.48,17,0
opd,2026-06-28,97,75,36,91,20,1,0.3,11,1
opd,2026-06-07,38,55,73,38,10,0,0.49,9,0
male_ward,2026-06-07,56,34,62,47,1,5,0.88,3,0
family_medical_clinic,2026-06-24,37,77,96,70,10,2,0.68,29,1
etu,2026-06-07,79,47,98,38,9,3,0.72,26,1
female_ward,2026-06-07,86,95,50,50,2,3,0.38,4,0
female_ward,2026-06-13,70,37,84,94,13,1,0.38,18,0
female_ward,2026-06-25,39,31,41,32,0,3,0.16,3,0
opd,2026-06-19,99,52,72,47,1,3,0.33,2,0
opd,2026-06-25,85,62,99,46,0,1,0.1,13,0
etu,2026-06-15,38,39,69,46,18,5,0.27,13,1
family_medical_clinic,2026-06-11,81,53,96,62,12,1,0.97,2,0
opd,2026-06-14,32,34,31,98,19,4,0.17,12,1
opd,2026-06-17,80,77,55,79,20,1,0.2,30,1
male_ward,2026-06-09,68,93,40,54,20,4,0.89,15,1
family_medical_clinic,2026-06-02,80,69,74,92,6,1,0.48,1,0
etu,2026-06-22,78,71,40,30,17,4,0.99,3,1
female_ward,2026-06-01,74,33,99,74,17,4,0.48,10,0
female_ward,2026-06-18,64,38,84,63,15,5,0.66,28,1
family_medical_clinic,2026-06-08,64,64,51,48,9,4,0.11,16,0
male_ward,2026-06-10,38,90,51,53,3,1,0.18,27,0
male_ward,2026-06-15,50,71,85,35,13,1,0.77,5,0
male_ward,2026-06-05,94,53,62,47,8,2,0.46,3,0
male_ward,2026-06-15,41,43,89,55,2,2,0.27,3,0
male_ward,2026-06-18,93,57,93,50,13,4,0.76,24,0
psychiatrist_clinic,2026-06-11,86,38,89,75,16,5,0.88,1,1
psychiatrist_clinic,2026-06-03,85,72,79,36,0,3,0.4,24,0
female_ward,2026-06-04,81,85,42,57,9,3,0.56,2,0
opd,2026-06-26,38,100,69,80,14,0,0.73,15,1
male_ward,2026-06-02,53,56,81,65,14,2,0.58,9,0
etu,2026-06-12,68,69,75,85,14,2,0.28,8,1
etu,2026-06-22,81,75,69,38,8,4,0.67,17,1
etu,2026-06-04,55,83,98,83,4,2,0.58,16,0
etu,2026-06-27,76,81,40,94,16,3,0.56,23,1
psychiatrist_clinic,2026-06-17,36,68,48,39,14,2,0.39,22,0
female_ward,2026-06-08,96,45,65,42,15,2,0.84,13,0
family_medical_clinic,2026-06-22,32,84,68,43,20,0,0.19,15,1
psychiatrist_clinic,2026-06-20,37,98,59,39,15,1,0.87,21,1
etu,2026-06-02,70,34,57,66,5,3,0.97,6,0
opd,2026-06-14,76,76,38,88,7,5,0.14,27,0
family_medical_clinic,2026-06-18,41,32,42,39,1,1,0.38,14,0
psychiatrist_clinic,2026-06-23,92,91,63,75,8,3,0.51,28,0
female_ward,2026-06-12,90,69,83,73,20,3,0.82,1,1
psychiatrist_clinic,2026-06-10,89,80,67,73,13,5,0.47,25,0
psychiatrist_clinic,2026-06-27,64,48,83,30,12,1,0.7,7,1
female_ward,2026-06-02,97,64,77,32,3,4,0.94,27,1
opd,2026-06-25,65,50,76,90,10,4,0.8,22,0
male_ward,2026-06-27,84,76,87,86,3,5,0.49,20,0
female_ward,2026-06-25,63,89,33,89,12,4,0.32,22,0
female_ward,2026-06-03,90,74,51,95,13,2,0.66,30,0
psychiatrist_clinic,2026-06-05,55,67,86,77,5,5,0.62,4,0
opd,2026-06-18,68,89,39,91,5,0,0.71,14,0
female_ward,2026-06-20,52,68,63,41,13,1,0.24,20,0
psychiatrist_clinic,2026-06-19,31,80,74,80,2,0,0.21,20,0
opd,2026-06-22,56,47,90,84,3,1,0.86,10,0
psychiatrist_clinic,2026-06-04,90,41,90,41,12,2,0.63,7,1
female_ward,2026-06-26,31,59,51,66,14,0,0.97,8,1
psychiatrist_clinic,2026-06-03,77,47,57,45,3,2,0.8,4,0
opd,2026-06-08,75,55,44,64,1,2,0.97,27,0
psychiatrist_clinic,2026-06-10,96,68,39,36,20,3,0.21,28,1
family_medical_clinic,2026-06-12,56,36,69,77,4,4,0.96,24,0
male_ward,2026-06-26,97,49,41,68,10,5,0.13,20,0
female_ward,2026-06-21,51,41,36,96,11,2,0.95,21,0
etu,2026-06-01,86,81,54,79,0,4,0.15,2,0
psychiatrist_clinic,2026-06-03,63,95,79,75,7,0,0.14,20,0
opd,2026-06-11,47,39,81,61,18,1,0.24,10,1
family_medical_clinic,2026-06-05,68,58,61,37,3,2,0.55,15,0
psychiatrist_clinic,2026-06-09,70,68,89,35,13,0,0.85,15,1
female_ward,2026-06-13,32,72,66,64,9,1,0.63,2,1
opd,2026-06-07,41,52,71,65,0,4,0.54,20,0
family_medical_clinic,2026-06-10,58,84,52,77,16,2,0.5,12,1
male_ward,2026-06-24,57,86,84,91,17,3,0.44,16,1
psychiatrist_clinic,2026-06-08,77,41,71,98,7,2,0.75,28,0
male_ward,2026-06-07,49,91,80,51,8,0,0.63,4,0
etu,2026-06-01,63,42,80,70,15,1,0.26,27,0
male_ward,2026-06-09,83,96,79,54,20,5,0.61,4,1
female_ward,2026-06-11,42,33,49,62,13,5,0.4,12,0
etu,2026-06-12,49,61,86,65,12,5,0.46,13,0
opd,2026-06-15,59,94,47,94,19,5,0.79,16,1
etu,2026-06-01,99,65,69,82,15,5,0.31,26,0
female_ward,2026-06-27,30,42,96,69,10,5,0.5,14,0
opd,2026-06-22,34,48,41,68,17,5,0.74,13,1
female_ward,2026-06-28,39,68,66,85,18,0,0.83,24,1
family_medical_clinic,2026-06-08,57,94,98,43,2,0,0.89,16,0
family_medical_clinic,2026-06-18,90,32,78,89,16,1,0.24,14,1
psychiatrist_clinic,2026-06-10,62,91,66,82,6,3,0.53,29,0
male_ward,2026-06-28,30,100,93,79,15,5,0.45,5,0
psychiatrist_clinic,2026-06-11,33,72,64,55,4,5,0.42,29,0
opd,2026-06-13,44,49,59,51,0,4,0.49,17,0
male_ward,2026-06-11,64,44,38,91,18,5,0.95,10,1
family_medical_clinic,2026-06-18,77,66,80,44,5,5,0.2,12,1
male_ward,2026-06-07,51,94,92,73,1,5,0.37,9,0
family_medical_clinic,2026-06-17,60,95,82,47,20,4,0.23,1,1
psychiatrist_clinic,2026-06-28,48,90,68,33,17,0,0.55,12,1
male_ward,2026-06-15,32,97,36,34,17,5,0.73,30,1
male_ward,2026-06-10,77,98,44,96,9,4,0.65,8,0
female_ward,2026-06-16,38,92,82,90,18,5,0.63,17,1
female_ward,2026-06-04,71,93,46,59,4,5,0.47,10,0
etu,2026-06-09,43,96,36,45,3,1,0.82,16,0
family_medical_clinic,2026-06-10,82,65,33,81,14,0,0.11,22,0
psychiatrist_clinic,2026-06-07,58,43,54,82,20,3,0.39,26,1
psychiatrist_clinic,2026-06-08,100,90,78,31,1,5,0.22,24,1
family_medical_clinic,2026-06-15,97,77,67,79,9,5,0.79,14,0
male_ward,2026-06-27,75,44,81,77,19,5,0.12,4,1
family_medical_clinic,2026-06-07,42,49,54,94,14,1,0.61,28,1
etu,2026-06-10,100,91,100,55,3,0,0.25,18,0
etu,2026-06-03,37,44,56,34,7,0,0.2,15,0
opd,2026-06-21,80,99,70,37,10,5,0.55,1,0
female_ward,2026-06-10,45,100,61,48,12,3,0.92,30,1
psychiatrist_clinic,2026-06-09,55,48,57,70,16,2,0.39,7,1
male_ward,2026-06-09,51,53,87,81,7,3,0.68,25,0
male_ward,2026-06-13,77,82,76,61,15,0,0.65,10,0
etu,2026-06-21,58,45,49,46,7,0,0.2,5,0
male_ward,2026-06-17,74,40,32,78,3,5,0.33,14,0
male_ward,2026-06-07,34,62,54,41,20,1,0.21,24,1
psychiatrist_clinic,2026-06-22,50,36,34,72,18,0,0.34,14,1
family_medical_clinic,2026-06-20,90,48,100,95,5,2,0.24,3,0
female_ward,2026-06-03,95,60,92,48,7,2,0.3,5,0
opd,2026-06-20,73,40,70,82,4,2,0.98,9,0
male_ward,2026-06-01,32,47,60,45,18,4,0.17,13,1
family_medical_clinic,2026-06-17,88,42,47,38,10,5,0.65,29,1
family_medical_clinic,2026-06-01,39,43,93,42,16,2,0.74,19,1
male_ward,2026-06-08,100,46,98,68,13,4,0.38,10,0
psychiatrist_clinic,2026-06-21,68,50,86,35,3,5,0.7,24,1
male_ward,2026-06-08,65,44,91,38,4,2,0.54,5,0
opd,2026-06-07,45,57,70,75,12,1,0.86,12,1
opd,2026-06-05,51,54,64,75,11,0,0.43,14,0
male_ward,2026-06-18,33,86,92,64,7,3,0.61,13,1
etu,2026-06-06,87,81,59,74,7,5,0.73,12,0
female_ward,2026-06-19,90,98,97,65,8,1,0.45,7,0
opd,2026-06-26,46,83,71,33,13,2,0.93,29,1
family_medical_clinic,2026-06-07,98,83,92,49,14,0,0.1,4,0
opd,2026-06-09,30,70,46,97,5,0,0.43,10,1
etu,2026-06-05,32,65,94,81,14,0,0.42,19,0
opd,2026-06-09,35,80,63,78,13,4,0.14,18,0
psychiatrist_clinic,2026-06-10,78,34,88,53,6,0,0.14,20,1
etu,2026-06-06,45,98,36,80,9,5,0.79,9,1
male_ward,2026-06-13,56,55,69,69,18,4,0.77,16,1
female_ward,2026-06-09,45,54,53,54,6,3,0.77,28,1
family_medical_clinic,2026-06-10,66,40,34,70,11,0,0.65,25,0
psychiatrist_clinic,2026-06-10,51,72,45,84,4,4,0.47,3,0
opd,2026-06-16,76,31,87,42,17,4,0.7,29,1
psychiatrist_clinic,2026-06-03,98,40,37,59,14,5,0.59,23,0
male_ward,2026-06-17,71,73,73,36,1,5,0.92,30,1
opd,2026-06-07,67,34,68,33,8,4,0.92,12,1
male_ward,2026-06-28,61,40,66,81,11,0,0.99,22,1
family_medical_clinic,2026-06-04,75,35,38,46,13,3,0.23,4,0
etu,2026-06-20,91,31,79,79,20,3,0.69,7,1
family_medical_clinic,2026-06-15,73,82,49,68,16,1,0.79,5,1
female_ward,2026-06-08,92,82,30,90,18,5,0.63,3,1
psychiatrist_clinic,2026-06-16,66,83,77,35,14,2,0.27,22,0
opd,2026-06-13,58,43,89,30,18,4,0.82,12,1
female_ward,2026-06-17,50,73,94,30,18,4,0.39,18,1
psychiatrist_clinic,2026-06-22,85,71,95,63,15,4,0.33,1,0
psychiatrist_clinic,2026-06-10,66,61,55,32,1,2,0.99,17,0
psychiatrist_clinic,2026-06-26,70,66,79,64,14,3,0.27,5,0
etu,2026-06-28,36,100,30,31,14,3,0.49,24,0
psychiatrist_clinic,2026-06-02,73,59,51,79,1,4,0.53,2,0
male_ward,2026-06-20,81,100,89,92,0,5,0.71,27,0
etu,2026-06-06,70,61,55,87,4,3,0.7,20,1
opd,2026-06-07,73,78,40,62,1,3,0.19,19,0
opd,2026-06-11,65,38,41,31,3,0,0.88,11,0
opd,2026-06-13,70,66,80,53,12,2,0.32,6,0
family_medical_clinic,2026-06-04,78,48,80,65,15,2,0.4,6,0
etu,2026-06-20,77,38,88,33,13,0,0.23,8,0
family_medical_clinic,2026-06-06,81,86,31,40,9,4,0.62,2,1
family_medical_clinic,2026-06-05,37,39,45,43,15,3,0.14,24,0
psychiatrist_clinic,2026-06-02,71,42,40,45,13,4,0.65,4,1
psychiatrist_clinic,2026-06-12,43,43,60,83,20,2,0.36,6,1
psychiatrist_clinic,2026-06-11,59,74,90,92,19,2,0.71,24,1
family_medical_clinic,2026-06-10,86,31,71,80,9,2,0.93,19,0
opd,2026-06-08,32,87,62,55,9,0,0.5,5,0
family_medical_clinic,2026-06-22,59,54,69,96,9,5,0.2,10,0
female_ward,2026-06-26,42,93,74,74,0,3,0.23,5,0
opd,2026-06-06,42,60,90,61,19,1,0.92,14,1
psychiatrist_clinic,2026-06-11,33,88,61,80,4,1,0.19,14,0
female_ward,2026-06-28,98,61,67,50,20,0,0.79,26,1
family_medical_clinic,2026-06-21,71,38,61,40,3,2,0.69,14,0
etu,2026-06-23,68,81,72,82,5,2,0.44,2,0
opd,2026-06-19,36,93,96,52,3,0,0.82,20,0
etu,2026-06-17,83,64,100,55,13,5,0.62,20,0
family_medical_clinic,2026-06-25,74,72,94,88,8,3,0.93,16,0
family_medical_clinic,2026-06-09,83,90,82,35,6,2,0.87,1,0
family_medical_clinic,2026-06-22,74,58,44,39,19,3,0.97,27,1
family_medical_clinic,2026-06-18,66,56,53,40,10,4,0.55,5,0
opd,2026-06-14,33,66,83,31,3,1,0.38,19,0
opd,2026-06-10,48,62,64,53,12,0,0.61,29,1
etu,2026-06-10,73,30,82,45,1,2,0.34,14,0
etu,2026-06-18,66,56,99,54,18,4,0.59,19,1
female_ward,2026-06-02,51,65,77,72,10,5,0.57,29,0
female_ward,2026-06-04,50,71,32,41,5,0,0.86,13,0
female_ward,2026-06-04,51,45,88,60,19,1,0.36,23,1
family_medical_clinic,2026-06-28,67,59,84,44,1,5,0.97,30,1
etu,2026-06-20,53,74,55,51,19,3,0.37,14,1
family_medical_clinic,2026-06-19,41,52,94,38,8,2,0.71,15,0
opd,2026-06-27,71,44,46,82,1,2,0.5,26,0
opd,2026-06-28,65,59,46,99,15,5,0.54,16,0
female_ward,2026-06-19,62,79,33,68,17,0,0.84,17,1
psychiatrist_clinic,2026-06-05,88,59,61,92,12,3,0.27,3,0
female_ward,2026-06-13,97,52,38,95,16,0,0.67,29,1
etu,2026-06-07,45,83,33,30,0,2,0.36,10,0
male_ward,2026-06-01,64,40,65,75,15,1,0.6,13,0
opd,2026-06-12,54,98,87,81,1,3,0.51,10,0
family_medical_clinic,2026-06-21,96,75,68,73,10,3,0.16,28,0
family_medical_clinic,2026-06-21,65,65,75,89,17,1,0.59,24,1
psychiatrist_clinic,2026-06-27,43,44,49,48,11,4,0.68,22,1
opd,2026-06-17,38,47,93,69,10,2,0.61,23,1
psychiatrist_clinic,2026-06-28,91,73,42,43,9,1,0.79,27,1
male_ward,2026-06-15,35,54,84,54,19,5,0.37,13,1
psychiatrist_clinic,2026-06-03,31,69,83,98,0,4,0.28,30,0
male_ward,2026-06-19,78,59,48,40,16,0,0.55,24,1
family_medical_clinic,2026-06-20,37,49,95,90,4,2,0.36,29,0
psychiatrist_clinic,2026-06-14,30,31,100,40,3,0,0.24,17,0
psychiatrist_clinic,2026-06-11,46,33,83,77,12,0,0.31,23,0
family_medical_clinic,2026-06-11,47,42,78,82,11,3,0.95,6,1
psychiatrist_clinic,2026-06-23,46,71,43,57,13,4,0.15,24,0
female_ward,2026-06-03,93,59,67,83,20,5,0.64,21,1
psychiatrist_clinic,2026-06-15,91,97,39,40,7,1,0.45,23,0
female_ward,2026-06-06,39,52,95,61,2,4,0.35,6,0
family_medical_clinic,2026-06-27,51,31,42,45,9,5,0.9,18,1
psychiatrist_clinic,2026-06-25,60,89,64,61,2,4,0.59,11,0
etu,2026-06-22,46,58,70,40,9,1,0.41,4,0
opd,2026-06-21,73,34,42,60,5,1,0.71,24,0
psychiatrist_clinic,2026-06-07,98,62,36,52,0,1,0.39,1,0
male_ward,2026-06-24,37,84,53,31,17,4,0.18,9,1
family_medical_clinic,2026-06-21,35,35,58,43,17,2,0.61,28,1
opd,2026-06-23,66,58,53,74,18,3,0.12,15,1
etu,2026-06-11,95,52,95,35,19,5,0.23,19,1
female_ward,2026-06-12,39,76,80,32,13,2,0.49,17,0
female_ward,2026-06-10,70,70,77,88,3,4,0.74,11,0
psychiatrist_clinic,2026-06-04,51,45,98,36,13,0,0.78,18,1
opd,2026-06-04,58,50,81,54,11,2,0.87,27,0
female_ward,2026-06-21,64,62,40,59,10,4,0.29,13,0
etu,2026-06-02,47,81,32,73,3,0,0.83,3,0
psychiatrist_clinic,2026-06-07,51,32,92,95,7,4,0.86,29,0
family_medical_clinic,2026-06-11,58,53,48,88,13,3,0.8,21,0
etu,2026-06-15,97,51,66,93,14,3,0.44,10,0
opd,2026-06-06,51,46,52,69,8,4,0.23,30,0
etu,2026-06-09,62,77,95,40,10,3,0.87,15,1
female_ward,2026-06-01,52,37,30,96,20,2,0.78,29,1
psychiatrist_clinic,2026-06-20,45,91,83,92,20,3,0.96,27,1
female_ward,2026-06-06,67,30,70,92,4,3,0.36,8,0
family_medical_clinic,2026-06-21,84,81,78,41,10,3,0.45,4,1
family_medical_clinic,2026-06-03,88,96,32,86,20,2,0.87,19,1
male_ward,2026-06-26,34,100,39,31,17,0,0.88,21,1
opd,2026-06-23,68,47,100,48,6,2,0.22,15,0
opd,2026-06-01,81,48,97,33,8,5,0.39,16,0
female_ward,2026-06-09,91,93,71,42,7,3,0.4,11,0
etu,2026-06-15,49,54,30,81,2,4,0.12,24,0
female_ward,2026-06-24,44,98,78,50,6,0,0.24,17,0
family_medical_clinic,2026-06-22,82,84,62,77,5,3,0.52,23,0
opd,2026-06-25,84,56,95,98,5,2,0.82,11,0
female_ward,2026-06-28,56,81,95,83,2,2,0.19,6,0
opd,2026-06-24,92,44,79,84,15,5,0.88,12,0
etu,2026-06-16,33,96,79,72,11,5,0.51,25,0
female_ward,2026-06-04,68,39,37,95,1,4,0.98,9,0
female_ward,2026-06-27,80,63,85,65,12,0,0.6,14,0
family_medical_clinic,2026-06-22,72,97,70,83,12,0,0.75,4,0
family_medical_clinic,2026-06-01,54,39,32,88,15,4,0.88,16,1
female_ward,2026-06-10,65,46,52,39,16,1,0.68,19,1
female_ward,2026-06-19,75,96,88,66,0,4,0.57,7,0
etu,2026-06-17,99,86,53,54,11,1,0.15,15,0
etu,2026-06-25,37,76,57,63,7,3,0.87,17,0
female_ward,2026-06-15,64,97,56,96,1,4,0.9,15,0
psychiatrist_clinic,2026-06-10,95,99,90,66,2,4,0.89,23,1
psychiatrist_clinic,2026-06-03,83,92,85,80,10,5,0.72,25,0
opd,2026-06-15,52,36,62,63,10,2,0.45,18,0
psychiatrist_clinic,2026-06-10,63,86,30,100,12,4,0.59,9,0
opd,2026-06-19,64,88,41,55,4,2,0.6,18,0
psychiatrist_clinic,2026-06-07,86,43,90,56,1,3,0.48,19,1
female_ward,2026-06-20,74,94,60,55,11,3,0.43,20,0
family_medical_clinic,2026-06-02,69,31,86,52,7,0,0.2,17,0
opd,2026-06-27,70,65,45,52,7,4,0.35,19,0
female_ward,2026-06-19,95,56,60,71,18,2,0.56,11,1
family_medical_clinic,2026-06-13,40,96,37,72,1,0,0.77,30,1
family_medical_clinic,2026-06-26,32,62,89,31,20,5,0.53,29,1
male_ward,2026-06-17,42,66,88,49,15,3,0.56,12,0
family_medical_clinic,2026-06-24,78,99,42,42,12,5,0.59,17,0
female_ward,2026-06-21,95,49,74,44,11,1,0.59,16,0
family_medical_clinic,2026-06-02,81,80,91,48,19,0,0.21,15,1
male_ward,2026-06-22,84,74,38,100,9,4,0.71,15,1
psychiatrist_clinic,2026-06-05,74,57,40,80,4,5,0.26,19,0
male_ward,2026-06-03,53,59,39,83,3,4,0.29,30,0
opd,2026-06-06,39,76,97,45,11,1,0.28,29,0
etu,2026-06-28,97,58,96,79,2,3,0.19,15,0
female_ward,2026-06-23,38,51,57,74,13,1,0.77,11,1
female_ward,2026-06-06,57,49,32,81,15,5,0.55,8,0
family_medical_clinic,2026-06-18,43,75,46,85,9,0,0.34,21,0
male_ward,2026-06-19,54,51,41,99,10,2,0.63,18,0
psychiatrist_clinic,2026-06-21,88,78,79,46,6,4,0.4,12,0
family_medical_clinic,2026-06-24,38,71,87,58,7,1,0.33,6,0
family_medical_clinic,2026-06-01,86,67,64,97,13,5,0.24,20,0
female_ward,2026-06-20,44,58,37,75,2,3,0.51,16,0
male_ward,2026-06-28,74,46,49,97,6,2,0.49,29,1
female_ward,2026-06-20,71,65,38,44,19,1,0.1,16,1
etu,2026-06-12,59,62,54,96,8,2,0.67,14,0
psychiatrist_clinic,2026-06-13,68,79,39,32,18,0,0.27,5,1
opd,2026-06-20,37,65,75,49,5,2,0.29,18,0
family_medical_clinic,2026-06-06,96,95,100,93,17,2,0.69,17,1
family_medical_clinic,2026-06-26,32,50,47,67,10,5,0.97,8,1
male_ward,2026-06-02,37,62,33,95,9,1,0.81,10,1
family_medical_clinic,2026-06-13,44,45,95,79,16,3,0.63,13,1
etu,2026-06-17,81,37,50,78,1,3,0.93,11,0
female_ward,2026-06-08,67,97,42,74,19,2,0.94,25,1
psychiatrist_clinic,2026-06-20,82,55,78,37,2,0,0.65,25,0
etu,2026-06-16,71,91,52,52,11,0,0.87,12,0
male_ward,2026-06-09,62,71,93,70,1,4,0.62,30,0
opd,2026-06-27,96,39,46,30,8,3,0.16,8,0
family_medical_clinic,2026-06-21,93,63,47,62,9,5,0.43,19,0
etu,2026-06-20,84,93,52,42,20,5,0.35,11,1
opd,2026-06-11,78,84,36,67,10,1,0.74,10,0
family_medical_clinic,2026-06-18,99,94,95,55,10,0,0.33,18,0
male_ward,2026-06-05,46,41,84,53,18,0,0.95,10,1
female_ward,2026-06-03,60,98,63,40,8,3,0.62,30,1
family_medical_clinic,2026-06-05,80,38,70,39,7,4,0.63,20,1
psychiatrist_clinic,2026-06-25,79,45,41,45,0,5,0.35,13,0
male_ward,2026-06-25,52,71,60,81,8,5,0.23,27,0
opd,2026-06-24,35,75,36,91,18,4,0.53,9,1
etu,2026-06-26,82,84,90,59,7,3,0.43,4,0
female_ward,2026-06-11,85,56,37,80,13,4,0.35,6,0
male_ward,2026-06-02,58,60,65,64,10,3,0.81,16,0
psychiatrist_clinic,2026-06-16,45,80,49,37,16,1,0.1,24,1
male_ward,2026-06-23,60,72,63,93,10,0,0.31,29,0
opd,2026-06-09,41,64,60,46,2,2,0.32,12,0
male_ward,2026-06-07,92,35,42,48,15,1,0.51,29,0
female_ward,2026-06-25,99,40,99,37,7,1,0.59,7,0
psychiatrist_clinic,2026-06-01,39,92,41,89,2,2,0.21,4,0
female_ward,2026-06-28,75,61,99,35,13,4,0.29,30,0
male_ward,2026-06-28,32,31,39,62,1,5,0.84,6,1
etu,2026-06-02,99,48,48,56,18,5,0.75,4,1
male_ward,2026-06-09,84,99,74,59,3,5,0.52,12,0
family_medical_clinic,2026-06-17,73,92,82,88,17,1,0.15,29,1
male_ward,2026-06-16,99,48,49,59,11,1,0.22,14,0
etu,2026-06-18,46,88,75,95,11,5,0.48,5,0
opd,2026-06-28,37,38,99,60,14,3,0.76,9,1
opd,2026-06-21,39,90,32,58,6,4,0.65,10,1
family_medical_clinic,2026-06-22,64,39,38,89,16,2,0.18,19,1
female_ward,2026-06-10,91,35,68,37,20,3,0.38,16,1
etu,2026-06-13,91,72,57,35,18,2,0.95,2,1
opd,2026-06-22,39,30,88,37,16,1,0.6,17,1
male_ward,2026-06-20,34,85,70,51,11,0,0.59,21,0
female_ward,2026-06-17,69,38,43,30,9,3,0.59,9,0
psychiatrist_clinic,2026-06-24,71,36,50,31,10,4,0.85,29,1
male_ward,2026-06-12,30,69,64,50,20,0,0.63,28,1
male_ward,2026-06-11,92,47,66,97,19,0,0.65,14,1
female_ward,2026-06-23,100,98,95,65,7,0,0.41,11,0
etu,2026-06-21,34,31,61,96,16,3,0.49,7,1
female_ward,2026-06-15,75,56,48,76,9,1,0.27,7,0
opd,2026-06-10,34,51,62,55,20,1,0.17,25,1
psychiatrist_clinic,2026-06-24,50,71,60,91,16,0,0.69,12,1
psychiatrist_clinic,2026-06-15,60,58,48,85,5,1,0.53,5,0
male_ward,2026-06-01,53,75,50,36,16,1,0.5,16,1
etu,2026-06-09,45,74,35,46,6,4,0.71,23,1
female_ward,2026-06-07,63,90,47,88,9,1,0.73,21,0
female_ward,2026-06-08,48,62,86,82,1,4,0.36,15,1
family_medical_clinic,2026-06-06,93,62,87,76,16,1,0.9,20,1
psychiatrist_clinic,2026-06-01,43,99,88,65,13,2,0.98,6,1
opd,2026-06-21,50,86,64,94,14,0,0.44,14,0
etu,2026-06-08,51,41,39,57,1,4,0.89,8,0
family_medical_clinic,2026-06-09,83,47,86,62,6,0,0.11,6,0
male_ward,2026-06-28,61,91,41,43,0,3,0.44,18,0
family_medical_clinic,2026-06-16,64,78,60,62,4,4,0.38,22,1
male_ward,2026-06-05,57,82,64,45,0,4,0.65,11,1
family_medical_clinic,2026-06-13,88,42,87,41,17,1,0.22,22,1
male_ward,2026-06-28,84,45,51,37,13,1,0.52,18,0
family_medical_clinic,2026-06-24,69,44,70,61,7,3,0.49,23,1
psychiatrist_clinic,2026-06-22,31,81,70,31,8,1,0.67,5,0
etu,2026-06-27,48,55,41,62,20,4,0.35,27,1
psychiatrist_clinic,2026-06-18,32,67,42,90,20,2,0.93,28,1
male_ward,2026-06-10,90,54,57,83,17,4,0.66,25,1
female_ward,2026-06-23,36,74,33,37,4,0,0.27,23,0
female_ward,2026-06-16,45,79,39,91,5,2,0.12,20,0
etu,2026-06-25,31,34,40,91,7,0,0.98,12,0
opd,2026-06-05,45,99,63,97,10,2,0.93,28,1
etu,2026-06-23,94,88,40,56,0,1,0.31,8,0
family_medical_clinic,2026-06-12,46,72,89,97,4,5,0.9,17,1
family_medical_clinic,2026-06-13,85,58,64,98,0,0,0.65,24,0
etu,2026-06-09,86,62,90,35,2,2,0.73,16,1
opd,2026-06-23,90,54,100,38,9,4,0.14,10,0
female_ward,2026-06-26,83,71,34,90,17,3,0.6,25,1
female_ward,2026-06-20,77,71,82,66,0,5,0.53,16,0
family_medical_clinic,2026-06-18,70,66,77,42,11,1,0.21,22,0
etu,2026-06-20,89,92,35,85,10,0,0.74,4,0
psychiatrist_clinic,2026-06-20,89,65,34,60,5,0,0.93,2,0
psychiatrist_clinic,2026-06-20,87,100,71,33,1,5,0.55,4,0
opd,2026-06-16,62,42,75,69,9,4,0.84,11,0
opd,2026-06-09,69,79,76,67,10,4,0.3,29,0
female_ward,2026-06-26,57,47,58,71,12,1,0.82,9,0
opd,2026-06-24,70,64,30,61,20,3,0.12,11,1
etu,2026-06-26,34,58,74,79,20,1,0.76,10,1
opd,2026-06-06,65,79,58,87,12,3,0.85,28,0
opd,2026-06-09,65,79,53,46,4,2,0.51,21,0
male_ward,2026-06-11,44,66,99,59,2,3,0.9,4,1
psychiatrist_clinic,2026-06-16,64,37,63,83,6,0,0.63,6,0
psychiatrist_clinic,2026-06-10,84,79,70,87,20,2,0.74,13,1
opd,2026-06-07,71,30,54,87,13,5,0.24,29,0
family_medical_clinic,2026-06-16,46,54,74,50,5,0,0.61,8,0
female_ward,2026-06-07,73,73,37,44,3,1,0.34,18,0
male_ward,2026-06-19,88,66,73,82,15,2,0.23,7,0
opd,2026-06-01,49,56,94,61,17,4,0.97,18,1
male_ward,2026-06-05,81,85,68,54,15,4,0.53,5,0
male_ward,2026-06-02,63,65,40,74,10,1,0.71,19,0
male_ward,2026-06-03,41,47,36,64,8,3,0.16,5,0
etu,2026-06-15,38,90,98,68,5,5,0.89,23,0
male_ward,2026-06-13,69,61,86,88,14,3,0.59,26,0
opd,2026-06-02,96,95,58,43,15,5,0.79,23,1
male_ward,2026-06-09,50,82,42,50,8,5,0.17,3,0
female_ward,2026-06-12,78,92,43,94,20,0,0.53,27,1
male_ward,2026-06-01,60,64,91,58,0,3,0.42,21,0
opd,2026-06-16,38,60,89,72,1,5,0.8,28,1
male_ward,2026-06-15,99,57,50,34,15,5,0.39,22,0
family_medical_clinic,2026-06-09,95,91,67,60,17,1,0.96,21,1
male_ward,2026-06-04,77,64,31,49,19,0,0.5,10,1
opd,2026-06-05,35,61,50,51,20,0,0.3,17,1
psychiatrist_clinic,2026-06-27,77,62,56,85,12,0,0.44,9,1
male_ward,2026-06-17,46,81,46,66,8,2,0.46,12,0
psychiatrist_clinic,2026-06-17,78,87,44,71,19,2,0.25,7,1
male_ward,2026-06-23,83,64,84,81,9,2,0.25,6,0
psychiatrist_clinic,2026-06-09,89,43,59,50,2,1,0.55,9,1
opd,2026-06-11,65,61,90,45,6,0,0.76,29,0
etu,2026-06-27,87,47,88,33,2,3,0.13,13,0
female_ward,2026-06-18,72,70,90,38,17,5,0.84,21,1
female_ward,2026-06-25,59,59,60,60,0,5,0.68,7,0
family_medical_clinic,2026-06-19,92,93,55,31,12,3,0.54,21,0
opd,2026-06-09,97,83,81,52,8,1,0.12,25,0
opd,2026-06-04,97,94,81,74,19,4,0.34,24,1
female_ward,2026-06-18,81,90,52,38,7,2,0.95,6,0
male_ward,2026-06-18,75,97,42,33,3,3,0.53,9,0
etu,2026-06-22,91,68,59,62,11,2,0.67,5,0
female_ward,2026-06-26,34,74,88,52,16,0,0.94,24,1
etu,2026-06-20,34,78,60,43,10,3,0.22,6,0
family_medical_clinic,2026-06-19,77,75,45,93,3,0,0.85,20,0
male_ward,2026-06-13,38,99,45,63,9,4,0.38,27,0
female_ward,2026-06-27,38,89,95,45,6,4,0.59,3,0
etu,2026-06-01,60,52,33,69,14,2,0.51,20,0
female_ward,2026-06-15,47,38,48,64,14,1,0.44,11,0
